NE PAS TOUCHER — cette page est lue automatiquement par le CRM,,,,,,Élèves,,,,,,,,,,,,,,,,,,,,,,,
BARÈME DE CORRECTION — LLCER ANGLAIS TERMINALE — BACCALAURÉAT,,,,,,Élève 1,,Élève 2,,Élève 3,,Élève 4,,Élève 5,,Élève 6,,Élève 7,,Élève 8,,Élève 9,,Élève 10,,Élève 11,,Élève 12,
"Épreuve écrite de spécialité LLCER Anglais, monde contemporain : synthèse du dossier en anglais (16 points) et traduction en français d'un passage d'environ 500 signes tiré du dossier (4 points). Les deux parties s'additionnent : 16 + 4 = 20. Grille de correction pédagogique destinée à homogénéiser la correction ; le barème officiel reste celui du sujet.",,,,,,niveau ?,"commentaire
(optionnel)",niveau ?,"commentaire
(optionnel)",niveau ?,"commentaire
(optionnel)",niveau ?,"commentaire
(optionnel)",niveau ?,"commentaire
(optionnel)",niveau ?,"commentaire
(optionnel)",niveau ?,"commentaire
(optionnel)",niveau ?,"commentaire
(optionnel)",niveau ?,"commentaire
(optionnel)",niveau ?,"commentaire
(optionnel)",niveau ?,"commentaire
(optionnel)",niveau ?,"commentaire
(optionnel)"
Mode d’emploi,"Remplacer « Élève 1 », « Élève 2 »… en ligne 2 par le prénom et le nom de chaque élève, puis cocher UNE case « niveau ? » par critère — celle du palier atteint. Une colonne restée « Élève N » sans case cochée est ignorée à l’import. Le commentaire est facultatif. Ne rien écrire dans les colonnes A à E : c’est le barème.",,,,,,,,,,,,,,,,,,,,,,,,,,,,
,,,,,,,,,,,,,,,,,,,,,,,,,,,,,
PARTIE I — SYNTHÈSE DU DOSSIER (rédigée en anglais),,,,16 points,,,,,,,,,,,,,,,,,,,,,,,,,
,,,,,,,,,,,,,,,,,,,,,,,,,,,,,
A. Compréhension des documents,,,,— /5,,,,,,,,,,,,,,,,,,,,,,,,,
1. Informations essentielles relevées,,,,— /2,,,,,,,,,,,,,,,,,,,,,,,,,
Niveau,Attendu,,,,,,,,,,,,,,,,,,,,,,,,,,,,
0,Les documents ne sont pas compris ; la copie ne restitue rien d'exploitable.,,,,,FALSE,,FALSE,,FALSE,,FALSE,,FALSE,,FALSE,,FALSE,,FALSE,,FALSE,,FALSE,,FALSE,,FALSE,
"0,5","Quelques éléments isolés relevés, souvent secondaires ; l'essentiel manque.",,,,,FALSE,,FALSE,,FALSE,,FALSE,,FALSE,,FALSE,,FALSE,,FALSE,,FALSE,,FALSE,,FALSE,,FALSE,
1,Les idées principales d'une partie des documents sont restituées ; il manque celles d'un document.,,,,,FALSE,,FALSE,,FALSE,,FALSE,,FALSE,,FALSE,,FALSE,,FALSE,,FALSE,,FALSE,,FALSE,,FALSE,
"1,5",Les idées principales des trois documents sont restituées ; quelques éléments notables oubliés.,,,,,FALSE,,FALSE,,FALSE,,FALSE,,FALSE,,FALSE,,FALSE,,FALSE,,FALSE,,FALSE,,FALSE,,FALSE,
2,Restitution complète et hiérarchisée : chaque document est exploité pour ce qu'il apporte de propre.,,,,,FALSE,,FALSE,,FALSE,,FALSE,,FALSE,,FALSE,,FALSE,,FALSE,,FALSE,,FALSE,,FALSE,,FALSE,
,,,,,,,,,,,,,,,,,,,,,,,,,,,,,
2. Compréhension de l'implicite et du point de vue,,,,"— /1,5",,,,,,,,,,,,,,,,,,,,,,,,,
Niveau,Attendu,,,,,,,,,,,,,,,,,,,,,,,,,,,,
0,Aucune perception du point de vue ; les documents sont lus comme neutres.,,,,,FALSE,,FALSE,,FALSE,,FALSE,,FALSE,,FALSE,,FALSE,,FALSE,,FALSE,,FALSE,,FALSE,,FALSE,
"0,5","Point de vue perçu sur un seul document, sans conséquence dans la synthèse.",,,,,FALSE,,FALSE,,FALSE,,FALSE,,FALSE,,FALSE,,FALSE,,FALSE,,FALSE,,FALSE,,FALSE,,FALSE,
1,"Points de vue identifiés, implicites partiellement perçus (ton, ironie, cadrage).",,,,,FALSE,,FALSE,,FALSE,,FALSE,,FALSE,,FALSE,,FALSE,,FALSE,,FALSE,,FALSE,,FALSE,,FALSE,
"1,5","Implicites, connotations et intentions des auteurs clairement perçus et exploités.",,,,,FALSE,,FALSE,,FALSE,,FALSE,,FALSE,,FALSE,,FALSE,,FALSE,,FALSE,,FALSE,,FALSE,,FALSE,
,,,,,,,,,,,,,,,,,,,,,,,,,,,,,
3. Absence de contresens,,,,"— /1,5",,,,,,,,,,,,,,,,,,,,,,,,,
Niveau,Attendu,,,,,,,,,,,,,,,,,,,,,,,,,,,,
0,"Contresens majeur sur un document entier, qui fausse toute la synthèse.",,,,,FALSE,,FALSE,,FALSE,,FALSE,,FALSE,,FALSE,,FALSE,,FALSE,,FALSE,,FALSE,,FALSE,,FALSE,
"0,5",Plusieurs faux-sens qui déforment le propos d'un document.,,,,,FALSE,,FALSE,,FALSE,,FALSE,,FALSE,,FALSE,,FALSE,,FALSE,,FALSE,,FALSE,,FALSE,,FALSE,
1,"Quelques imprécisions ponctuelles, sans contresens sur l'ensemble.",,,,,FALSE,,FALSE,,FALSE,,FALSE,,FALSE,,FALSE,,FALSE,,FALSE,,FALSE,,FALSE,,FALSE,,FALSE,
"1,5",Aucun contresens ; la lecture est fidèle aux trois documents.,,,,,FALSE,,FALSE,,FALSE,,FALSE,,FALSE,,FALSE,,FALSE,,FALSE,,FALSE,,FALSE,,FALSE,,FALSE,
,,,,,,,,,,,,,,,,,,,,,,,,,,,,,
B. Mise en relation et construction de la synthèse,,,,— /5,,,,,,,,,,,,,,,,,,,,,,,,,
1. Fil directeur / problématique,,,,"— /1,5",,,,,,,,,,,,,,,,,,,,,,,,,
Niveau,Attendu,,,,,,,,,,,,,,,,,,,,,,,,,,,,
0,Aucun fil directeur : la copie juxtapose des résumés.,,,,,FALSE,,FALSE,,FALSE,,FALSE,,FALSE,,FALSE,,FALSE,,FALSE,,FALSE,,FALSE,,FALSE,,FALSE,
"0,5","Annonce d'un thème, mais la suite ne s'y tient pas.",,,,,FALSE,,FALSE,,FALSE,,FALSE,,FALSE,,FALSE,,FALSE,,FALSE,,FALSE,,FALSE,,FALSE,,FALSE,
1,Fil directeur présent et globalement suivi.,,,,,FALSE,,FALSE,,FALSE,,FALSE,,FALSE,,FALSE,,FALSE,,FALSE,,FALSE,,FALSE,,FALSE,,FALSE,
"1,5","Problématique claire, issue de la confrontation des documents, tenue d'un bout à l'autre.",,,,,FALSE,,FALSE,,FALSE,,FALSE,,FALSE,,FALSE,,FALSE,,FALSE,,FALSE,,FALSE,,FALSE,,FALSE,
,,,,,,,,,,,,,,,,,,,,,,,,,,,,,
2. Confrontation des documents,,,,— /2,,,,,,,,,,,,,,,,,,,,,,,,,
Niveau,Attendu,,,,,,,,,,,,,,,,,,,,,,,,,,,,
0,"Les documents sont traités séparément, l'un après l'autre.",,,,,FALSE,,FALSE,,FALSE,,FALSE,,FALSE,,FALSE,,FALSE,,FALSE,,FALSE,,FALSE,,FALSE,,FALSE,
"0,5","Une mise en relation esquissée, jamais exploitée.",,,,,FALSE,,FALSE,,FALSE,,FALSE,,FALSE,,FALSE,,FALSE,,FALSE,,FALSE,,FALSE,,FALSE,,FALSE,
1,Deux documents mis en relation ; le troisième reste à part.,,,,,FALSE,,FALSE,,FALSE,,FALSE,,FALSE,,FALSE,,FALSE,,FALSE,,FALSE,,FALSE,,FALSE,,FALSE,
"1,5",Les trois documents sont confrontés ; convergences ou écarts relevés.,,,,,FALSE,,FALSE,,FALSE,,FALSE,,FALSE,,FALSE,,FALSE,,FALSE,,FALSE,,FALSE,,FALSE,,FALSE,
2,"Confrontation constante et fine : accords, tensions et angles morts explicités.",,,,,FALSE,,FALSE,,FALSE,,FALSE,,FALSE,,FALSE,,FALSE,,FALSE,,FALSE,,FALSE,,FALSE,,FALSE,
,,,,,,,,,,,,,,,,,,,,,,,,,,,,,
3. Organisation et progression,,,,"— /1,5",,,,,,,,,,,,,,,,,,,,,,,,,
Niveau,Attendu,,,,,,,,,,,,,,,,,,,,,,,,,,,,
0,Aucune organisation perceptible.,,,,,FALSE,,FALSE,,FALSE,,FALSE,,FALSE,,FALSE,,FALSE,,FALSE,,FALSE,,FALSE,,FALSE,,FALSE,
"0,5","Parties repérables mais sans logique, ou déséquilibre massif.",,,,,FALSE,,FALSE,,FALSE,,FALSE,,FALSE,,FALSE,,FALSE,,FALSE,,FALSE,,FALSE,,FALSE,,FALSE,
1,"Plan clair, progression un peu mécanique.",,,,,FALSE,,FALSE,,FALSE,,FALSE,,FALSE,,FALSE,,FALSE,,FALSE,,FALSE,,FALSE,,FALSE,,FALSE,
"1,5","Progression maîtrisée : chaque paragraphe fait avancer la démonstration, transitions assurées.",,,,,FALSE,,FALSE,,FALSE,,FALSE,,FALSE,,FALSE,,FALSE,,FALSE,,FALSE,,FALSE,,FALSE,,FALSE,
,,,,,,,,,,,,,,,,,,,,,,,,,,,,,
C. Qualité de la langue anglaise,,,,— /6,,,,,,,,,,,,,,,,,,,,,,,,,
1. Correction grammaticale,,,,— /2,,,,,,,,,,,,,,,,,,,,,,,,,
Niveau,Attendu,,,,,,,,,,,,,,,,,,,,,,,,,,,,
0,Erreurs constantes sur les structures de base ; la lecture est empêchée.,,,,,FALSE,,FALSE,,FALSE,,FALSE,,FALSE,,FALSE,,FALSE,,FALSE,,FALSE,,FALSE,,FALSE,,FALSE,
"0,5","Erreurs fréquentes sur les temps, les accords, les auxiliaires ; sens souvent brouillé.",,,,,FALSE,,FALSE,,FALSE,,FALSE,,FALSE,,FALSE,,FALSE,,FALSE,,FALSE,,FALSE,,FALSE,,FALSE,
1,"Bases tenues, erreurs régulières sur les formes complexes ; sens compréhensible.",,,,,FALSE,,FALSE,,FALSE,,FALSE,,FALSE,,FALSE,,FALSE,,FALSE,,FALSE,,FALSE,,FALSE,,FALSE,
"1,5",Langue correcte ; erreurs ponctuelles qui ne gênent pas la lecture.,,,,,FALSE,,FALSE,,FALSE,,FALSE,,FALSE,,FALSE,,FALSE,,FALSE,,FALSE,,FALSE,,FALSE,,FALSE,
2,"Langue sûre, y compris sur les structures complexes ; erreurs rares et mineures.",,,,,FALSE,,FALSE,,FALSE,,FALSE,,FALSE,,FALSE,,FALSE,,FALSE,,FALSE,,FALSE,,FALSE,,FALSE,
,,,,,,,,,,,,,,,,,,,,,,,,,,,,,
2. Richesse et précision du lexique,,,,— /2,,,,,,,,,,,,,,,,,,,,,,,,,
Niveau,Attendu,,,,,,,,,,,,,,,,,,,,,,,,,,,,
0,Lexique indigent ou inadapté ; recours massif au calque du français.,,,,,FALSE,,FALSE,,FALSE,,FALSE,,FALSE,,FALSE,,FALSE,,FALSE,,FALSE,,FALSE,,FALSE,,FALSE,
"0,5","Lexique très limité, répétitif ; termes du dossier recopiés sans compréhension.",,,,,FALSE,,FALSE,,FALSE,,FALSE,,FALSE,,FALSE,,FALSE,,FALSE,,FALSE,,FALSE,,FALSE,,FALSE,
1,"Lexique suffisant pour traiter le sujet, peu varié.",,,,,FALSE,,FALSE,,FALSE,,FALSE,,FALSE,,FALSE,,FALSE,,FALSE,,FALSE,,FALSE,,FALSE,,FALSE,
"1,5","Lexique précis et varié, adapté au domaine des documents.",,,,,FALSE,,FALSE,,FALSE,,FALSE,,FALSE,,FALSE,,FALSE,,FALSE,,FALSE,,FALSE,,FALSE,,FALSE,
2,"Lexique riche, idiomatique, choisi : le mot juste plutôt que le mot connu.",,,,,FALSE,,FALSE,,FALSE,,FALSE,,FALSE,,FALSE,,FALSE,,FALSE,,FALSE,,FALSE,,FALSE,,FALSE,
,,,,,,,,,,,,,,,,,,,,,,,,,,,,,
3. Syntaxe et idiomaticité,,,,— /1,,,,,,,,,,,,,,,,,,,,,,,,,
Niveau,Attendu,,,,,,,,,,,,,,,,,,,,,,,,,,,,
0,"Phrases calquées sur le français, souvent agrammaticales.",,,,,FALSE,,FALSE,,FALSE,,FALSE,,FALSE,,FALSE,,FALSE,,FALSE,,FALSE,,FALSE,,FALSE,,FALSE,
"0,5",Syntaxe simple mais correcte ; peu d'idiomes.,,,,,FALSE,,FALSE,,FALSE,,FALSE,,FALSE,,FALSE,,FALSE,,FALSE,,FALSE,,FALSE,,FALSE,,FALSE,
1,"Phrases variées, articulées, réellement anglaises.",,,,,FALSE,,FALSE,,FALSE,,FALSE,,FALSE,,FALSE,,FALSE,,FALSE,,FALSE,,FALSE,,FALSE,,FALSE,
,,,,,,,,,,,,,,,,,,,,,,,,,,,,,
4. Orthographe et ponctuation,,,,— /1,,,,,,,,,,,,,,,,,,,,,,,,,
Niveau,Attendu,,,,,,,,,,,,,,,,,,,,,,,,,,,,
0,Orthographe défaillante au point de gêner la lecture.,,,,,FALSE,,FALSE,,FALSE,,FALSE,,FALSE,,FALSE,,FALSE,,FALSE,,FALSE,,FALSE,,FALSE,,FALSE,
"0,5","Erreurs régulières, lecture possible.",,,,,FALSE,,FALSE,,FALSE,,FALSE,,FALSE,,FALSE,,FALSE,,FALSE,,FALSE,,FALSE,,FALSE,,FALSE,
1,Orthographe et ponctuation maîtrisées.,,,,,FALSE,,FALSE,,FALSE,,FALSE,,FALSE,,FALSE,,FALSE,,FALSE,,FALSE,,FALSE,,FALSE,,FALSE,
,,,,,,,,,,,,,,,,,,,,,,,,,,,,,
,,,,,,,,,,,,,,,,,,,,,,,,,,,,,
PARTIE II — TRADUCTION EN FRANÇAIS,,,,4 points,,,,,,,,,,,,,,,,,,,,,,,,,
,,,,,,,,,,,,,,,,,,,,,,,,,,,,,
A. Fidélité au texte source,,,,— /2,,,,,,,,,,,,,,,,,,,,,,,,,
1. Exactitude du sens,,,,"— /1,5",,,,,,,,,,,,,,,,,,,,,,,,,
Niveau,Attendu,,,,,,,,,,,,,,,,,,,,,,,,,,,,
0,Contresens sur l'ensemble du passage.,,,,,FALSE,,FALSE,,FALSE,,FALSE,,FALSE,,FALSE,,FALSE,,FALSE,,FALSE,,FALSE,,FALSE,,FALSE,
"0,5",Plusieurs contresens ou faux-sens sur des segments porteurs de sens.,,,,,FALSE,,FALSE,,FALSE,,FALSE,,FALSE,,FALSE,,FALSE,,FALSE,,FALSE,,FALSE,,FALSE,,FALSE,
1,Sens global respecté ; quelques faux-sens ponctuels ou nuances perdues.,,,,,FALSE,,FALSE,,FALSE,,FALSE,,FALSE,,FALSE,,FALSE,,FALSE,,FALSE,,FALSE,,FALSE,,FALSE,
"1,5","Sens exact d'un bout à l'autre, nuances comprises.",,,,,FALSE,,FALSE,,FALSE,,FALSE,,FALSE,,FALSE,,FALSE,,FALSE,,FALSE,,FALSE,,FALSE,,FALSE,
,,,,,,,,,,,,,,,,,,,,,,,,,,,,,
2. Restitution complète du passage,,,,"— /0,5",,,,,,,,,,,,,,,,,,,,,,,,,
Niveau,Attendu,,,,,,,,,,,,,,,,,,,,,,,,,,,,
0,Segments entiers omis ou remplacés par une paraphrase.,,,,,FALSE,,FALSE,,FALSE,,FALSE,,FALSE,,FALSE,,FALSE,,FALSE,,FALSE,,FALSE,,FALSE,,FALSE,
"0,25",Une omission ou un ajout notable.,,,,,FALSE,,FALSE,,FALSE,,FALSE,,FALSE,,FALSE,,FALSE,,FALSE,,FALSE,,FALSE,,FALSE,,FALSE,
"0,5","Passage intégralement traduit, sans ajout ni omission.",,,,,FALSE,,FALSE,,FALSE,,FALSE,,FALSE,,FALSE,,FALSE,,FALSE,,FALSE,,FALSE,,FALSE,,FALSE,
,,,,,,,,,,,,,,,,,,,,,,,,,,,,,
B. Qualité du français,,,,— /2,,,,,,,,,,,,,,,,,,,,,,,,,
1. Correction grammaticale et syntaxique,,,,— /1,,,,,,,,,,,,,,,,,,,,,,,,,
Niveau,Attendu,,,,,,,,,,,,,,,,,,,,,,,,,,,,
0,"Français fautif : accords, temps, constructions.",,,,,FALSE,,FALSE,,FALSE,,FALSE,,FALSE,,FALSE,,FALSE,,FALSE,,FALSE,,FALSE,,FALSE,,FALSE,
"0,5",Erreurs ponctuelles ; phrases parfois calquées sur l'anglais.,,,,,FALSE,,FALSE,,FALSE,,FALSE,,FALSE,,FALSE,,FALSE,,FALSE,,FALSE,,FALSE,,FALSE,,FALSE,
1,"Français correct, phrases construites en français, pas en anglais transposé.",,,,,FALSE,,FALSE,,FALSE,,FALSE,,FALSE,,FALSE,,FALSE,,FALSE,,FALSE,,FALSE,,FALSE,,FALSE,
,,,,,,,,,,,,,,,,,,,,,,,,,,,,,
2. Naturel et registre,,,,"— /0,5",,,,,,,,,,,,,,,,,,,,,,,,,
Niveau,Attendu,,,,,,,,,,,,,,,,,,,,,,,,,,,,
0,"Traduction mot à mot, registre ignoré.",,,,,FALSE,,FALSE,,FALSE,,FALSE,,FALSE,,FALSE,,FALSE,,FALSE,,FALSE,,FALSE,,FALSE,,FALSE,
"0,25","Traduction lisible mais plate, registre approximatif.",,,,,FALSE,,FALSE,,FALSE,,FALSE,,FALSE,,FALSE,,FALSE,,FALSE,,FALSE,,FALSE,,FALSE,,FALSE,
"0,5","Traduction naturelle, registre du texte source respecté.",,,,,FALSE,,FALSE,,FALSE,,FALSE,,FALSE,,FALSE,,FALSE,,FALSE,,FALSE,,FALSE,,FALSE,,FALSE,
,,,,,,,,,,,,,,,,,,,,,,,,,,,,,
3. Orthographe et ponctuation,,,,"— /0,5",,,,,,,,,,,,,,,,,,,,,,,,,
Niveau,Attendu,,,,,,,,,,,,,,,,,,,,,,,,,,,,
0,Nombreuses erreurs.,,,,,FALSE,,FALSE,,FALSE,,FALSE,,FALSE,,FALSE,,FALSE,,FALSE,,FALSE,,FALSE,,FALSE,,FALSE,
"0,25",Quelques erreurs.,,,,,FALSE,,FALSE,,FALSE,,FALSE,,FALSE,,FALSE,,FALSE,,FALSE,,FALSE,,FALSE,,FALSE,,FALSE,
"0,5",Texte propre.,,,,,FALSE,,FALSE,,FALSE,,FALSE,,FALSE,,FALSE,,FALSE,,FALSE,,FALSE,,FALSE,,FALSE,,FALSE,
,,,,,,,,,,,,,,,,,,,,,,,,,,,,,
,,,,,,,,,,,,,,,,,,,,,,,,,,,,,
NOTES AU CORRECTEUR — hors barème,,,,,,,,,,,,,,,,,,,,,,,,,,,,,
ÉCHELLE GLOBALE INDICATIVE,,,,,,,,,,,,,,,,,,,,,,,,,,,,,
"18–20 — Synthèse magistrale, anglais idiomatique ; traduction sans reproche.",,,,,,,,,,,,,,,,,,,,,,,,,,,,,
"15–17 — Documents pleinement exploités et confrontés ; langue sûre, quelques scories.",,,,,,,,,,,,,,,,,,,,,,,,,,,,,
"12–14 — Synthèse organisée, compréhension solide ; langue correcte mais peu riche.",,,,,,,,,,,,,,,,,,,,,,,,,,,,,
9–11 — Contenu présent mais juxtaposé ; langue qui gêne par endroits la lecture.,,,,,,,,,,,,,,,,,,,,,,,,,,,,,
"6–8 — Compréhension partielle, restitution document par document ; langue fautive.",,,,,,,,,,,,,,,,,,,,,,,,,,,,,
0–5 — Documents non compris ou copie hors de l'exercice.,,,,,,,,,,,,,,,,,,,,,,,,,,,,,
RÈGLES DE CORRECTION,,,,,,,,,,,,,,,,,,,,,,,,,,,,,
Le correcteur ne fait pas — Le correcteur fait,,,,,,,,,,,,,,,,,,,,,,,,,,,,,
"Sanctionner deux fois la même erreur de langue dans la synthèse ET dans la traduction — Noter la langue là où elle est évaluée : l'anglais dans la partie I, le français dans la partie II",,,,,,,,,,,,,,,,,,,,,,,,,,,,,
"Pénaliser une copie qui résume les documents un par un sans autre reproche — Le dire au bloc B : c'est là que la confrontation est notée, pas ailleurs",,,,,,,,,,,,,,,,,,,,,,,,,,,,,
"Attendre des connaissances extérieures au dossier — Valoriser la culture personnelle quand elle éclaire, sans l'exiger",,,,,,,,,,,,,,,,,,,,,,,,,,,,,
Compter la traduction sur 20 — La traduction vaut 4 points : une traduction rendue seule se note sur 4,,,,,,,,,,,,,,,,,,,,,,,,,,,,,
,,,,,,,,,,,,,,,,,,,,,,,,,,,,,
CE QUI A CHANGÉ PAR RAPPORT À LA V0 (forme seulement),,,,,,,,,,,,,,,,,,,,,,,,,,,,,
Aucun point n'a été modifié : chaque critère garde exactement son barème.,,,,,,,,,,,,,,,,,,,,,,,,,,,,,
"La zone de correction (nom de l'élève, « niveau ? », commentaire) a été ajoutée : la V0 était un barème seul, sans rien à cocher.",,,,,,,,,,,,,,,,,,,,,,,,,,,,,
"0 paliers écrits en fourchette (« 0–0,5 ») ont été ouverts en deux lignes : un vrai 0, puis la valeur haute avec son descripteur d'origine. Sans cela aucun critère ne pouvait valoir 0. Les descripteurs de niveau 0 sont en gris : à relire.",,,,,,,,,,,,,,,,,,,,,,,,,,,,,
